function	file	line	explicit_manager_parameters	direct_globals	transitive_globals	called_from_other_files
application_notification_handler	src/application.c	6	-	g_event_loop	g_event_loop	-
application_observe	src/application.c	43	-	-	g_verbose	src/event_loop.c,src/window_manager.c
application_unobserve	src/application.c	63	-	-	-	src/event_loop.c,src/window_manager.c
application_main_window	src/application.c	79	-	-	-	-
application_focused_window	src/application.c	91	-	-	-	src/event_loop.c,src/window_manager.c
application_is_frontmost	src/application.c	103	-	-	-	src/event_loop.c
application_is_hidden	src/application.c	112	-	-	-	-
application_window_list	src/application.c	118	-	-	-	src/window_manager.c
application_create	src/application.c	125	-	g_connection	g_connection	src/event_loop.c,src/window_manager.c
application_destroy	src/application.c	140	-	-	-	src/event_loop.c,src/window_manager.c
display_handler	src/display.c	6	-	g_event_loop	g_event_loop	-
display_serialize	src/display.c	20	-	g_display_manager	g_connection,g_display_manager,g_temp_storage	src/display_manager.c,src/message.c
display_uuid	src/display.c	101	-	-	-	src/display_manager.c
display_id	src/display.c	112	-	-	-	src/display_manager.c
display_bounds_constrained	src/display.c	123	-	g_display_manager	g_connection,g_display_manager	src/event_loop.c,src/view.c,src/window_manager.c
display_center	src/display.c	173	-	-	-	src/display_manager.c,src/space_manager.c
display_space_id	src/display.c	179	-	g_connection	g_connection	src/display_manager.c,src/event_loop.c,src/message.c,src/space.c,src/space_manager.c,src/window_manager.c
display_space_count	src/display.c	190	-	g_connection	g_connection	-
display_space_list	src/display.c	218	-	g_connection	g_connection	src/process_manager.c,src/space_manager.c,src/window_manager.c
display_manager_query_displays	src/display_manager.c	5	-	-	g_connection,g_display_manager,g_temp_storage	src/message.c
display_manager_get_label_for_display	src/display_manager.c	23	display_manager	-	-	src/display.c
display_manager_get_display_for_label	src/display_manager.c	35	display_manager	-	-	src/message.c
display_manager_remove_label_for_display	src/display_manager.c	47	display_manager	-	-	src/event_loop.c,src/message.c
display_manager_set_label_for_display	src/display_manager.c	61	display_manager	-	-	src/message.c
display_manager_main_display_uuid	src/display_manager.c	80	-	-	-	-
display_manager_main_display_id	src/display_manager.c	86	-	-	-	src/display.c,src/event_loop.c
display_manager_active_display_uuid	src/display_manager.c	91	-	g_connection	g_connection	-
display_manager_active_display_id	src/display_manager.c	96	-	-	g_connection	src/event_loop.c,src/message.c,src/space_manager.c
display_manager_dock_display_uuid	src/display_manager.c	107	-	g_connection	g_connection	-
display_manager_dock_display_id	src/display_manager.c	113	-	-	g_connection	src/display.c
display_manager_point_display_uuid	src/display_manager.c	124	-	g_connection	g_connection	-
display_manager_point_display_id	src/display_manager.c	129	-	-	g_connection	src/event_loop.c
display_manager_coordinate_comparator	src/display_manager.c	140	-	-	-	-
display_manager_display_id_arrangement	src/display_manager.c	165	-	g_connection,g_display_manager	g_connection,g_display_manager	src/display.c,src/event_signal.c,src/rule.c,src/view.c,src/window.c
display_manager_arrangement_display_uuid	src/display_manager.c	199	-	g_connection,g_display_manager	g_connection,g_display_manager	-
display_manager_arrangement_display_id	src/display_manager.c	221	-	-	g_connection,g_display_manager	src/message.c
display_manager_cursor_display_id	src/display_manager.c	232	-	g_connection	g_connection	src/message.c,src/space_manager.c
display_manager_prev_display_id	src/display_manager.c	239	-	-	g_connection,g_display_manager	src/message.c
display_manager_next_display_id	src/display_manager.c	247	-	-	g_connection,g_display_manager	src/message.c
display_manager_first_display_id	src/display_manager.c	255	-	-	g_connection,g_display_manager	src/message.c
display_manager_last_display_id	src/display_manager.c	260	-	-	g_connection,g_display_manager	src/message.c
display_manager_find_closest_display_in_direction	src/display_manager.c	266	-	-	-	src/message.c
display_manager_menu_bar_hidden	src/display_manager.c	297	-	g_connection	g_connection	src/display.c
display_manager_menu_bar_rect	src/display_manager.c	304	-	g_connection	g_connection	src/display.c
display_manager_dock_hidden	src/display_manager.c	334	-	-	-	src/display.c
display_manager_dock_orientation	src/display_manager.c	339	-	-	-	src/display.c
display_manager_dock_rect	src/display_manager.c	347	-	g_connection	g_connection	src/display.c
display_manager_active_display_is_animating	src/display_manager.c	355	-	g_connection	g_connection	-
display_manager_display_is_animating	src/display_manager.c	373	-	g_connection	g_connection	src/space_manager.c,src/window_manager.c
display_manager_active_display_count	src/display_manager.c	391	-	-	-	-
display_manager_active_display_list	src/display_manager.c	398	-	-	-	src/process_manager.c,src/space_manager.c,src/window_manager.c
display_manager_find_element_at_point	src/display_manager.c	406	-	g_window_manager	g_window_manager	-
display_manager_focus_display_with_window_at_point	src/display_manager.c	430	-	g_connection	g_connection,g_event_bytes,g_window_manager	src/event_loop.c
display_manager_set_active_display_id	src/display_manager.c	454	-	g_connection	g_connection	src/event_loop.c,src/space_manager.c
display_manager_focus_display	src/display_manager.c	463	-	g_window_manager	g_connection,g_event_bytes,g_temp_storage,g_window_manager	src/message.c,src/space_manager.c
display_manager_focus_space	src/display_manager.c	483	-	-	g_connection,g_mission_control_mode	src/message.c
display_manager_begin	src/display_manager.c	497	display_manager	-	g_connection	src/yabai.c
update_window_notifications	src/event_loop.c	16	-	g_connection,g_window_manager	g_connection,g_window_manager	src/view.c,src/yabai.c
window_did_receive_focus	src/event_loop.c	36	mouse_state,window_manager	g_window_manager	g_connection,g_window_manager	-
EVENT_HANDLER_APPLICATION_LAUNCHED	src/event_loop.c	75	-	g_event_loop,g_process_manager,g_space_manager,g_window_manager,g_workspace_context	g_bs_port,g_connection,g_display_manager,g_event_bytes,g_event_loop,g_layer_above_window_level,g_layer_below_window_level,g_layer_normal_window_level,g_mission_control_mode,g_mouse_state,g_process_manager,g_signal_event,g_signal_storage,g_space_manager,g_temp_storage,g_verbose,g_window_manager,g_workspace_context	-
EVENT_HANDLER_APPLICATION_TERMINATED	src/event_loop.c	250	-	g_mouse_state,g_window_manager	g_bs_port,g_connection,g_display_manager,g_event_bytes,g_layer_normal_window_level,g_mouse_state,g_process_manager,g_signal_event,g_signal_storage,g_space_manager,g_temp_storage,g_verbose,g_window_manager,g_workspace_context	-
EVENT_HANDLER_APPLICATION_FRONT_SWITCHED	src/event_loop.c	349	-	g_connection,g_mouse_state,g_process_manager,g_space_manager,g_window_manager	g_bs_port,g_connection,g_display_manager,g_event_bytes,g_event_loop,g_layer_above_window_level,g_layer_below_window_level,g_layer_normal_window_level,g_mission_control_mode,g_mouse_state,g_process_manager,g_signal_event,g_signal_storage,g_space_manager,g_temp_storage,g_verbose,g_window_manager	-
EVENT_HANDLER_APPLICATION_VISIBLE	src/event_loop.c	426	-	g_space_manager,g_window_manager	g_bs_port,g_connection,g_display_manager,g_layer_normal_window_level,g_process_manager,g_signal_event,g_signal_storage,g_space_manager,g_temp_storage,g_verbose,g_window_manager	-
EVENT_HANDLER_APPLICATION_HIDDEN	src/event_loop.c	490	-	g_window_manager	g_bs_port,g_connection,g_display_manager,g_process_manager,g_signal_event,g_signal_storage,g_space_manager,g_temp_storage,g_verbose,g_window_manager	-
EVENT_HANDLER_WINDOW_CREATED	src/event_loop.c	551	-	g_space_manager,g_window_manager	g_bs_port,g_connection,g_display_manager,g_event_bytes,g_event_loop,g_layer_above_window_level,g_layer_below_window_level,g_layer_normal_window_level,g_mission_control_mode,g_mouse_state,g_process_manager,g_signal_event,g_signal_storage,g_space_manager,g_temp_storage,g_verbose,g_window_manager	-
EVENT_HANDLER_WINDOW_DESTROYED	src/event_loop.c	603	-	g_mouse_state,g_window_manager	g_bs_port,g_connection,g_display_manager,g_event_bytes,g_layer_normal_window_level,g_mouse_state,g_process_manager,g_signal_event,g_signal_storage,g_space_manager,g_temp_storage,g_verbose,g_window_manager	-
EVENT_HANDLER_WINDOW_FOCUSED	src/event_loop.c	636	-	g_connection,g_mouse_state,g_space_manager,g_window_manager	g_connection,g_display_manager,g_event_bytes,g_mouse_state,g_process_manager,g_signal_event,g_signal_storage,g_space_manager,g_temp_storage,g_verbose,g_window_manager	-
EVENT_HANDLER_WINDOW_MOVED	src/event_loop.c	675	-	g_mouse_state,g_window_manager	g_bs_port,g_connection,g_display_manager,g_mouse_state,g_process_manager,g_signal_event,g_signal_storage,g_space_manager,g_temp_storage,g_verbose,g_window_manager	-
EVENT_HANDLER_WINDOW_RESIZED	src/event_loop.c	725	-	g_mouse_state,g_space_manager,g_window_manager	g_bs_port,g_connection,g_display_manager,g_layer_normal_window_level,g_mouse_state,g_process_manager,g_signal_event,g_signal_storage,g_space_manager,g_temp_storage,g_verbose,g_window_manager	-
EVENT_HANDLER_WINDOW_MINIMIZED	src/event_loop.c	829	-	g_window_manager	g_bs_port,g_connection,g_display_manager,g_process_manager,g_signal_event,g_signal_storage,g_space_manager,g_temp_storage,g_verbose,g_window_manager	-
EVENT_HANDLER_WINDOW_DEMINIMIZED	src/event_loop.c	873	-	g_event_loop,g_space_manager,g_window_manager	g_bs_port,g_connection,g_display_manager,g_event_loop,g_layer_normal_window_level,g_process_manager,g_signal_event,g_signal_storage,g_space_manager,g_temp_storage,g_verbose,g_window_manager	-
EVENT_HANDLER_WINDOW_TITLE_CHANGED	src/event_loop.c	924	-	g_window_manager	g_connection,g_display_manager,g_process_manager,g_signal_event,g_signal_storage,g_space_manager,g_temp_storage,g_verbose,g_window_manager	-
EVENT_HANDLER_SLS_WINDOW_ORDERED	src/event_loop.c	944	-	g_connection,g_window_manager	g_connection,g_verbose,g_window_manager	-
EVENT_HANDLER_SLS_WINDOW_DESTROYED	src/event_loop.c	952	-	g_window_manager	g_bs_port,g_connection,g_display_manager,g_event_bytes,g_layer_normal_window_level,g_mouse_state,g_process_manager,g_signal_event,g_signal_storage,g_space_manager,g_temp_storage,g_verbose,g_window_manager	-
EVENT_HANDLER_SLS_SPACE_CREATED	src/event_loop.c	968	-	g_connection,g_space_manager	g_connection,g_display_manager,g_process_manager,g_signal_event,g_signal_storage,g_space_manager,g_temp_storage,g_verbose,g_window_manager	-
EVENT_HANDLER_SLS_SPACE_DESTROYED	src/event_loop.c	980	-	g_space_manager	g_connection,g_display_manager,g_process_manager,g_signal_event,g_signal_storage,g_space_manager,g_temp_storage,g_verbose,g_window_manager	-
EVENT_HANDLER_SPACE_CHANGED	src/event_loop.c	994	-	g_connection,g_mouse_state,g_space_manager,g_window_manager	g_bs_port,g_connection,g_display_manager,g_event_bytes,g_event_loop,g_layer_above_window_level,g_layer_below_window_level,g_layer_normal_window_level,g_mission_control_mode,g_mouse_state,g_process_manager,g_signal_event,g_signal_storage,g_space_manager,g_temp_storage,g_verbose,g_window_manager	-
EVENT_HANDLER_DISPLAY_CHANGED	src/event_loop.c	1031	-	g_connection,g_display_manager,g_mouse_state,g_space_manager,g_window_manager	g_bs_port,g_connection,g_display_manager,g_event_bytes,g_event_loop,g_layer_above_window_level,g_layer_below_window_level,g_layer_normal_window_level,g_mission_control_mode,g_mouse_state,g_process_manager,g_signal_event,g_signal_storage,g_space_manager,g_temp_storage,g_verbose,g_window_manager	-
EVENT_HANDLER_DISPLAY_ADDED	src/event_loop.c	1083	-	g_space_manager,g_window_manager	g_bs_port,g_connection,g_display_manager,g_layer_normal_window_level,g_process_manager,g_signal_event,g_signal_storage,g_space_manager,g_temp_storage,g_verbose,g_window_manager	-
EVENT_HANDLER_DISPLAY_REMOVED	src/event_loop.c	1092	-	g_display_manager,g_space_manager,g_window_manager	g_bs_port,g_connection,g_display_manager,g_layer_normal_window_level,g_process_manager,g_signal_event,g_signal_storage,g_space_manager,g_temp_storage,g_verbose,g_window_manager	-
EVENT_HANDLER_DISPLAY_MOVED	src/event_loop.c	1101	-	g_space_manager	g_bs_port,g_connection,g_display_manager,g_process_manager,g_signal_event,g_signal_storage,g_space_manager,g_temp_storage,g_verbose,g_window_manager	-
EVENT_HANDLER_DISPLAY_RESIZED	src/event_loop.c	1109	-	g_space_manager	g_bs_port,g_connection,g_display_manager,g_process_manager,g_signal_event,g_signal_storage,g_space_manager,g_temp_storage,g_verbose,g_window_manager	-
EVENT_HANDLER_MOUSE_DOWN	src/event_loop.c	1117	-	g_mouse_state,g_window_manager	g_connection,g_mission_control_mode,g_mouse_state,g_verbose,g_window_manager	-
EVENT_HANDLER_MOUSE_UP	src/event_loop.c	1154	-	g_mouse_state,g_space_manager,g_window_manager	g_bs_port,g_connection,g_display_manager,g_mission_control_mode,g_mouse_state,g_space_manager,g_verbose,g_window_manager	-
EVENT_HANDLER_MOUSE_DRAGGED	src/event_loop.c	1235	-	g_mouse_state,g_space_manager,g_window_manager	g_bs_port,g_connection,g_display_manager,g_mission_control_mode,g_mouse_state,g_space_manager,g_verbose,g_window_manager	-
EVENT_HANDLER_MOUSE_MOVED	src/event_loop.c	1345	-	g_connection,g_display_manager,g_mouse_state,g_space_manager,g_window_manager	g_connection,g_display_manager,g_event_bytes,g_mission_control_mode,g_mouse_state,g_space_manager,g_temp_storage,g_window_manager	-
EVENT_HANDLER_MISSION_CONTROL_SHOW_ALL_WINDOWS	src/event_loop.c	1452	-	g_mission_control_mode	g_connection,g_display_manager,g_mission_control_mode,g_process_manager,g_signal_event,g_signal_storage,g_space_manager,g_temp_storage,g_verbose,g_window_manager	-
EVENT_HANDLER_MISSION_CONTROL_SHOW_FRONT_WINDOWS	src/event_loop.c	1459	-	g_mission_control_mode	g_connection,g_display_manager,g_mission_control_mode,g_process_manager,g_signal_event,g_signal_storage,g_space_manager,g_temp_storage,g_verbose,g_window_manager	-
EVENT_HANDLER_MISSION_CONTROL_SHOW_DESKTOP	src/event_loop.c	1466	-	g_mission_control_mode	g_connection,g_display_manager,g_mission_control_mode,g_process_manager,g_signal_event,g_signal_storage,g_space_manager,g_temp_storage,g_verbose,g_window_manager	-
EVENT_HANDLER_MISSION_CONTROL_ENTER	src/event_loop.c	1473	-	g_event_loop,g_mission_control_mode	g_connection,g_display_manager,g_event_loop,g_mission_control_mode,g_process_manager,g_signal_event,g_signal_storage,g_space_manager,g_temp_storage,g_verbose,g_window_manager	-
EVENT_HANDLER_MISSION_CONTROL_CHECK_FOR_EXIT	src/event_loop.c	1485	-	g_event_loop	g_event_loop,g_mission_control_mode	-
EVENT_HANDLER_MISSION_CONTROL_EXIT	src/event_loop.c	1528	-	g_connection,g_mission_control_mode,g_space_manager,g_window_manager	g_bs_port,g_connection,g_display_manager,g_layer_normal_window_level,g_mission_control_mode,g_process_manager,g_signal_event,g_signal_storage,g_space_manager,g_temp_storage,g_verbose,g_window_manager	-
EVENT_HANDLER_DOCK_DID_RESTART	src/event_loop.c	1545	-	-	g_connection,g_display_manager,g_mission_control_observer,g_process_manager,g_signal_event,g_signal_storage,g_space_manager,g_temp_storage,g_verbose,g_window_manager	-
EVENT_HANDLER_MENU_OPENED	src/event_loop.c	1564	-	g_window_manager	g_verbose,g_window_manager	-
EVENT_HANDLER_MENU_CLOSED	src/event_loop.c	1575	-	g_window_manager	g_verbose,g_window_manager	-
EVENT_HANDLER_MENU_BAR_HIDDEN_CHANGED	src/event_loop.c	1587	-	g_space_manager	g_bs_port,g_connection,g_display_manager,g_process_manager,g_signal_event,g_signal_storage,g_space_manager,g_temp_storage,g_verbose,g_window_manager	-
EVENT_HANDLER_DOCK_DID_CHANGE_PREF	src/event_loop.c	1594	-	g_space_manager	g_bs_port,g_connection,g_display_manager,g_process_manager,g_signal_event,g_signal_storage,g_space_manager,g_temp_storage,g_verbose,g_window_manager	-
EVENT_HANDLER_SYSTEM_WOKE	src/event_loop.c	1601	-	g_window_manager	g_connection,g_display_manager,g_process_manager,g_signal_event,g_signal_storage,g_space_manager,g_temp_storage,g_verbose,g_window_manager	-
EVENT_HANDLER_DAEMON_MESSAGE	src/event_loop.c	1614	-	-	g_bs_port,g_connection,g_display_manager,g_event_bytes,g_event_loop,g_layer_above_window_level,g_layer_below_window_level,g_layer_normal_window_level,g_mission_control_mode,g_mouse_state,g_process_manager,g_signal_event,g_space_manager,g_temp_storage,g_verbose,g_window_manager	-
event_loop_run	src/event_loop.c	1647	-	-	g_profiler,g_signal_event,g_signal_storage,g_temp_storage,g_verbose	-
event_loop_post	src/event_loop.c	1684	event_loop	-	-	src/application.c,src/display.c,src/message.c,src/mission_control.c,src/mouse_handler.c,src/process_manager.c,src/window_manager.c,src/workspace.m
event_loop_begin	src/event_loop.c	1705	event_loop	-	-	src/yabai.c
event_signal_filter	src/event_signal.c	8	-	-	-	-
event_signal_flush	src/event_signal.c	60	-	g_signal_event,g_signal_storage	g_signal_event,g_signal_storage,g_verbose	src/event_loop.c
event_signal_push	src/event_signal.c	99	-	g_display_manager,g_process_manager,g_signal_event,g_signal_storage,g_space_manager,g_window_manager	g_connection,g_display_manager,g_process_manager,g_signal_event,g_signal_storage,g_space_manager,g_temp_storage,g_window_manager	src/event_loop.c
signal_type_from_string	src/event_signal.c	343	-	-	-	src/message.c
event_signal_add	src/event_signal.c	352	-	g_signal_event	g_signal_event	src/message.c
event_signal_destroy	src/event_signal.c	358	-	-	-	src/message.c
event_signal_remove_by_index	src/event_signal.c	368	-	g_signal_event	g_signal_event	src/message.c
event_signal_remove	src/event_signal.c	385	-	g_signal_event	g_signal_event	src/message.c
event_signal_serialize	src/event_signal.c	400	-	-	g_temp_storage	-
event_signal_list	src/event_signal.c	431	-	g_signal_event	g_signal_event,g_temp_storage	src/message.c
get_token	src/message.c	298	-	-	-	-
token_prefix	src/message.c	317	-	-	-	-
token_equals	src/message.c	327	-	-	-	-
token_is_valid	src/message.c	338	-	-	-	-
token_is_positive_integer	src/message.c	343	-	-	-	-
token_is_hexadecimal	src/message.c	358	-	-	-	-
token_is_float	src/message.c	383	-	-	-	-
token_to_value	src/message.c	397	-	-	-	-
daemon_fail	src/message.c	418	-	-	-	-
daemon_deprecated	src/message.c	429	-	-	-	-
parse_key_value_pair	src/message.c	440	-	-	-	-
parse_value_type	src/message.c	472	-	-	-	-
parse_resize_handle	src/message.c	483	-	-	-	-
parse_label	src/message.c	554	-	-	-	-
parse_property	src/message.c	613	-	-	-	-
parse_properties	src/message.c	625	-	-	-	-
parse_display_selector	src/message.c	665	-	g_display_manager	g_connection,g_display_manager	-
parse_space_selector	src/message.c	790	-	g_space_manager	g_connection,g_space_manager	-
parse_window_selector	src/message.c	871	-	g_space_manager,g_window_manager	g_connection,g_display_manager,g_space_manager,g_temp_storage,g_window_manager	-
parse_insert_selector	src/message.c	1130	-	-	-	-
handle_domain_config	src/message.c	1152	-	g_display_manager,g_mouse_state,g_space_manager,g_verbose,g_window_manager	g_bs_port,g_connection,g_display_manager,g_layer_normal_window_level,g_mouse_state,g_space_manager,g_temp_storage,g_verbose,g_window_manager	-
handle_domain_display	src/message.c	1700	-	g_display_manager	g_connection,g_display_manager,g_event_bytes,g_mission_control_mode,g_space_manager,g_temp_storage,g_window_manager	-
handle_domain_space	src/message.c	1759	-	g_space_manager	g_bs_port,g_connection,g_display_manager,g_event_bytes,g_layer_normal_window_level,g_mission_control_mode,g_space_manager,g_temp_storage,g_window_manager	-
handle_domain_window	src/message.c	2047	-	g_space_manager,g_window_manager	g_bs_port,g_connection,g_display_manager,g_event_bytes,g_event_loop,g_layer_above_window_level,g_layer_below_window_level,g_layer_normal_window_level,g_mission_control_mode,g_mouse_state,g_process_manager,g_space_manager,g_temp_storage,g_verbose,g_window_manager	-
handle_domain_query	src/message.c	2419	-	g_window_manager	g_connection,g_display_manager,g_layer_above_window_level,g_layer_below_window_level,g_layer_normal_window_level,g_mouse_state,g_space_manager,g_temp_storage,g_window_manager	-
parse_rule	src/message.c	2596	-	-	g_connection,g_display_manager,g_space_manager,g_window_manager	-
handle_domain_rule	src/message.c	2806	-	-	g_bs_port,g_connection,g_display_manager,g_event_bytes,g_layer_normal_window_level,g_mission_control_mode,g_process_manager,g_space_manager,g_temp_storage,g_window_manager	-
handle_domain_signal	src/message.c	2864	-	-	g_signal_event,g_temp_storage	-
handle_message	src/message.c	2979	-	-	g_bs_port,g_connection,g_display_manager,g_event_bytes,g_event_loop,g_layer_above_window_level,g_layer_below_window_level,g_layer_normal_window_level,g_mission_control_mode,g_mouse_state,g_process_manager,g_signal_event,g_space_manager,g_temp_storage,g_verbose,g_window_manager	src/event_loop.c
message_loop_run	src/message.c	3003	-	g_event_loop,g_message_loop	g_event_loop,g_message_loop	-
message_loop_begin	src/message.c	3016	-	g_message_loop	g_message_loop	src/yabai.c
objc_method_fake_autorelease	src/misc/autorelease.h	8	-	g_nsobject_autorelease	g_nsobject_autorelease	-
objc_method_fake_drain	src/misc/autorelease.h	30	-	g_nsautoreleasepool_drain	g_nsautoreleasepool_drain	-
objc_method_fake_release	src/misc/autorelease.h	48	-	g_nsautoreleasepool_release	g_nsautoreleasepool_release	-
hook_nsobject_autorelease	src/misc/autorelease.h	67	-	g_nsobject_autorelease	g_nsobject_autorelease	src/yabai.c
hook_autoreleasepool_drain	src/misc/autorelease.h	78	-	g_nsautoreleasepool_drain	g_nsautoreleasepool_drain	src/yabai.c
hook_autoreleasepool_release	src/misc/autorelease.h	89	-	g_nsautoreleasepool_release	g_nsautoreleasepool_release	src/yabai.c
table_init	src/misc/hashtable.h	46	-	-	-	src/process_manager.c,src/space_manager.c,src/window_manager.c
table_free	src/misc/hashtable.h	57	-	-	-	-
table_get_bucket	src/misc/hashtable.h	76	-	-	-	-
table_rehash	src/misc/hashtable.h	89	-	-	-	-
_table_add	src/misc/hashtable.h	117	-	-	-	-
table_remove	src/misc/hashtable.h	139	-	-	-	src/event_loop.c,src/process_manager.c,src/space_manager.c,src/view.c,src/window_manager.c
table_find	src/misc/hashtable.h	151	-	-	-	src/event_loop.c,src/process_manager.c,src/space_manager.c,src/window_manager.c
ease_in_sine	src/misc/helpers.h	42	-	-	-	-
ease_out_sine	src/misc/helpers.h	47	-	-	-	-
ease_in_out_sine	src/misc/helpers.h	52	-	-	-	-
ease_in_quad	src/misc/helpers.h	57	-	-	-	-
ease_out_quad	src/misc/helpers.h	62	-	-	-	-
ease_in_out_quad	src/misc/helpers.h	67	-	-	-	-
ease_in_cubic	src/misc/helpers.h	72	-	-	-	-
ease_out_cubic	src/misc/helpers.h	77	-	-	-	-
ease_in_out_cubic	src/misc/helpers.h	82	-	-	-	-
ease_in_quart	src/misc/helpers.h	87	-	-	-	-
ease_out_quart	src/misc/helpers.h	92	-	-	-	-
ease_in_out_quart	src/misc/helpers.h	97	-	-	-	-
ease_in_quint	src/misc/helpers.h	102	-	-	-	-
ease_out_quint	src/misc/helpers.h	107	-	-	-	-
ease_in_out_quint	src/misc/helpers.h	112	-	-	-	-
ease_in_expo	src/misc/helpers.h	117	-	-	-	-
ease_out_expo	src/misc/helpers.h	122	-	-	-	-
ease_in_out_expo	src/misc/helpers.h	127	-	-	-	-
ease_in_circ	src/misc/helpers.h	132	-	-	-	-
ease_out_circ	src/misc/helpers.h	137	-	-	-	-
ease_in_out_circ	src/misc/helpers.h	142	-	-	-	-
read_os_timer	src/misc/helpers.h	149	-	-	-	src/event_loop.c,src/misc/timer.h,src/mission_control.c,src/mouse_handler.c
read_os_freq	src/misc/helpers.h	157	-	-	-	src/event_loop.c,src/misc/timer.h
socket_open	src/misc/helpers.h	183	-	-	-	src/sa.m,src/yabai.c
socket_connect	src/misc/helpers.h	189	-	-	-	src/sa.m,src/yabai.c
socket_close	src/misc/helpers.h	198	-	-	-	src/event_loop.c,src/sa.m,src/yabai.c
mach_send	src/misc/helpers.h	204	-	-	-	src/window_manager.c
json_optional_bool	src/misc/helpers.h	225	-	-	-	src/event_signal.c,src/rule.c
json_bool	src/misc/helpers.h	233	-	-	-	src/display.c,src/rule.c,src/view.c,src/window.c
rgba_color_from_hex	src/misc/helpers.h	238	-	-	-	src/message.c,src/window_manager.c
is_root	src/misc/helpers.h	249	-	-	-	src/sa.m,src/yabai.c
string_equals	src/misc/helpers.h	254	-	-	-	src/display_manager.c,src/event_signal.c,src/message.c,src/misc/macho_dlsym.h,src/process_manager.c,src/rule.c,src/sa.m,src/space_manager.c,src/window_manager.c,src/yabai.c
ts_string_escape	src/misc/helpers.h	259	-	-	g_temp_storage	src/event_signal.c,src/rule.c,src/window.c
CFSTRINGNUM32	src/misc/helpers.h	321	-	-	-	-
CFNUM32	src/misc/helpers.h	328	-	-	-	-
sls_window_disable_shadow	src/misc/helpers.h	333	-	-	-	src/view.c,src/window_manager.c
cfarray_of_cfnumbers	src/misc/helpers.h	344	-	-	-	src/process_manager.c,src/space.c,src/space_manager.c,src/window.c
ts_cfstring_copy	src/misc/helpers.h	361	-	-	g_temp_storage	src/display.c,src/view.c,src/window.c
cfstring_copy	src/misc/helpers.h	373	-	-	-	src/misc/service.h,src/process_manager.c
ts_string_copy	src/misc/helpers.h	387	-	-	g_temp_storage	src/event_signal.c,src/window.c
string_copy	src/misc/helpers.h	397	-	-	-	src/message.c,src/rule.c,src/window_manager.c
directory_exists	src/misc/helpers.h	408	-	-	-	src/misc/service.h
file_exists	src/misc/helpers.h	419	-	-	-	src/misc/service.h
file_can_execute	src/misc/helpers.h	434	-	-	-	-
get_config_file	src/misc/helpers.h	445	-	-	-	-
exec_config_file	src/misc/helpers.h	463	-	-	g_notify_img,g_notify_init	src/yabai.c
ax_privilege	src/misc/helpers.h	489	-	-	-	src/yabai.c
ax_window_id	src/misc/helpers.h	499	-	-	-	src/application.c,src/display_manager.c,src/event_loop.c,src/window_manager.c
ax_window_pid	src/misc/helpers.h	506	-	-	-	src/event_loop.c
ax_enhanced_userinterface	src/misc/helpers.h	511	-	-	-	-
psn_equals	src/misc/helpers.h	534	-	-	-	src/application.c,src/process_manager.c,src/window_manager.c
cgrect_clamp_x_radius	src/misc/helpers.h	542	-	-	-	src/view.c
cgrect_clamp_y_radius	src/misc/helpers.h	550	-	-	-	src/view.c
cgrect_contains_point	src/misc/helpers.h	558	-	-	-	src/event_loop.c
triangle_contains_point	src/misc/helpers.h	564	-	-	-	src/mouse_handler.c
regex_match	src/misc/helpers.h	573	-	-	-	src/event_signal.c,src/window_manager.c
clampf_range	src/misc/helpers.h	581	-	-	-	src/window_manager.c
cgimage_restore_alpha	src/misc/helpers.h	588	-	-	-	src/window_manager.c
debug	src/misc/log.h	7	-	g_verbose	g_verbose	src/application.c,src/event_loop.c,src/event_signal.c,src/process_manager.c,src/space_manager.c,src/window.c,src/window_manager.c,src/workspace.m
warn	src/misc/log.h	18	-	-	-	src/misc/helpers.h,src/misc/service.h,src/sa.m
error	src/misc/log.h	27	-	-	-	src/misc/service.h,src/yabai.c
require	src/misc/log.h	38	-	-	-	src/yabai.c
debug_message	src/misc/log.h	49	-	g_verbose	g_verbose	src/event_loop.c
macho_find_image_header	src/misc/macho_dlsym.h	1	-	-	-	-
macho_find_linkedit_segment	src/misc/macho_dlsym.h	18	-	-	-	-
macho_find_symtab_command	src/misc/macho_dlsym.h	38	-	-	-	-
macho_find_symbol	src/misc/macho_dlsym.h	55	-	-	-	src/yabai.c
memory_pool_init	src/misc/memory_pool.h	11	-	-	-	src/event_loop.c,src/yabai.c
memory_pool_push	src/misc/memory_pool.h	29	-	-	-	src/event_loop.c
notify_init	src/misc/notify.h	20	-	g_notify_img,g_notify_init	g_notify_img,g_notify_init	-
notify	src/misc/notify.h	29	-	g_notify_img,g_notify_init	g_notify_img,g_notify_init	src/misc/helpers.h,src/sa.m
buf__grow_f	src/misc/sbuffer.h	22	-	-	-	-
ts_buf__grow_f	src/misc/sbuffer.h	51	-	g_temp_storage	g_temp_storage	-
safe_exec	src/misc/service.h	53	-	-	-	-
populate_plist_path	src/misc/service.h	80	-	-	-	-
populate_plist	src/misc/service.h	101	-	-	-	-
ensure_directory_exists	src/misc/service.h	132	-	-	-	-
service_install_internal	src/misc/service.h	155	-	-	-	-
service_install	src/misc/service.h	171	-	-	-	src/yabai.c
service_uninstall	src/misc/service.h	182	-	-	-	src/yabai.c
service_start	src/misc/service.h	193	-	-	-	src/yabai.c
service_restart	src/misc/service.h	250	-	-	-	src/yabai.c
service_stop	src/misc/service.h	264	-	-	-	src/yabai.c
read_cpu_timer	src/misc/timer.h	24	-	-	-	-
read_cpu_freq	src/misc/timer.h	35	-	-	-	-
profile_begin	src/misc/timer.h	66	-	g_profiler	g_profiler	src/event_loop.c
profile_end_and_print	src/misc/timer.h	72	-	g_profiler	g_profiler	src/event_loop.c
BEGIN_TIME_BLOCK	src/misc/timer.h	104	-	g_profiler	g_profiler	-
END_TIME_BLOCK	src/misc/timer.h	118	-	g_profiler	g_profiler	-
ts_init	src/misc/ts.h	10	-	g_temp_storage	g_temp_storage	src/yabai.c
ts_assert_within_bounds	src/misc/ts.h	28	-	g_temp_storage	g_temp_storage	-
ts_align	src/misc/ts.h	36	-	g_temp_storage	g_temp_storage	-
ts_alloc_aligned	src/misc/ts.h	52	-	g_temp_storage	g_temp_storage	src/misc/sbuffer.h
ts_alloc_unaligned	src/misc/ts.h	66	-	g_temp_storage	g_temp_storage	src/event_loop.c,src/event_signal.c,src/misc/helpers.h
ts_expand	src/misc/ts.h	75	-	g_temp_storage	g_temp_storage	src/view.c
ts_resize	src/misc/ts.h	89	-	g_temp_storage	g_temp_storage	src/space.c
ts_reset	src/misc/ts.h	100	-	g_temp_storage	g_temp_storage	src/event_loop.c
connection_handler	src/mission_control.c	7	-	g_event_loop	g_event_loop	-
mission_control_notification_handler	src/mission_control.c	59	-	g_event_loop	g_event_loop	-
mission_control_observe	src/mission_control.c	73	-	g_mission_control_observer	g_mission_control_observer	src/event_loop.c,src/yabai.c
mission_control_unobserve	src/mission_control.c	93	-	g_mission_control_observer	g_mission_control_observer	src/event_loop.c
mission_control_is_active	src/mission_control.c	108	-	g_mission_control_mode	g_mission_control_mode	src/display_manager.c,src/event_loop.c,src/space_manager.c
mouse_mod_from_cgflags	src/mouse_handler.c	5	-	-	-	-
mouse_handler	src/mouse_handler.c	21	-	g_event_loop	g_event_loop	-
mouse_window_info_populate	src/mouse_handler.c	90	mouse_state	-	-	src/event_loop.c
mouse_determine_drop_action	src/mouse_handler.c	108	mouse_state	-	-	src/event_loop.c
mouse_drop_action_stack	src/mouse_handler.c	133	window_manager	-	g_bs_port,g_connection,g_display_manager,g_space_manager,g_window_manager	src/event_loop.c
mouse_drop_action_swap	src/mouse_handler.c	153	window_manager	-	g_bs_port,g_connection,g_window_manager	src/event_loop.c
mouse_drop_action_warp	src/mouse_handler.c	181	window_manager	-	g_bs_port,g_connection,g_display_manager,g_space_manager,g_window_manager	src/event_loop.c
mouse_drop_no_target	src/mouse_handler.c	218	space_manager,window_manager	-	g_bs_port,g_connection,g_display_manager,g_space_manager,g_window_manager	src/event_loop.c
mouse_drop_try_adjust_bsp_grid	src/mouse_handler.c	232	window_manager	-	g_bs_port,g_connection,g_display_manager,g_space_manager,g_window_manager	src/event_loop.c
mouse_state_init	src/mouse_handler.c	266	mouse_state	-	-	src/yabai.c
mouse_handler_begin	src/mouse_handler.c	274	mouse_state	-	-	src/window_manager.c,src/yabai.c
mouse_handler_end	src/mouse_handler.c	293	mouse_state	-	-	src/window_manager.c
hash_psn	src/process_manager.c	4	-	-	-	-
compare_psn	src/process_manager.c	9	-	-	-	-
process_pid_for_psn	src/process_manager.c	24	-	-	-	-
process_create	src/process_manager.c	31	-	-	g_verbose	-
process_is_being_debugged	src/process_manager.c	70	-	-	-	-
process_manager_active_space_for_psn	src/process_manager.c	82	-	g_connection	g_connection	src/event_loop.c
process_handler	src/process_manager.c	151	-	g_event_loop,g_workspace_context	g_event_loop,g_verbose,g_workspace_context	-
process_manager_add_running_processes	src/process_manager.c	208	process_manager	-	g_verbose	-
process_manager_begin	src/process_manager.c	230	process_manager	-	g_verbose	src/yabai.c
process_manager_find_process	src/process_manager.c	255	process_manager	-	-	src/event_loop.c
process_destroy	src/process_manager.c	260	-	g_workspace_context	g_workspace_context	src/event_loop.c
rule_serialize	src/rule.c	4	-	-	g_connection,g_display_manager,g_temp_storage	src/window_manager.c
rule_combine_effects	src/rule.c	63	-	-	-	src/window_manager.c
rule_reapply_all	src/rule.c	113	-	g_space_manager,g_window_manager	g_bs_port,g_connection,g_display_manager,g_event_bytes,g_layer_normal_window_level,g_mission_control_mode,g_process_manager,g_space_manager,g_temp_storage,g_window_manager	src/message.c
rule_reapply_by_index	src/rule.c	131	-	g_window_manager	g_bs_port,g_connection,g_display_manager,g_event_bytes,g_layer_normal_window_level,g_mission_control_mode,g_process_manager,g_space_manager,g_temp_storage,g_window_manager	src/message.c
rule_reapply_by_label	src/rule.c	145	-	g_window_manager	g_bs_port,g_connection,g_display_manager,g_event_bytes,g_layer_normal_window_level,g_mission_control_mode,g_process_manager,g_space_manager,g_temp_storage,g_window_manager	src/message.c
rule_apply	src/rule.c	159	-	g_space_manager,g_window_manager	g_bs_port,g_connection,g_display_manager,g_event_bytes,g_layer_normal_window_level,g_mission_control_mode,g_process_manager,g_space_manager,g_temp_storage,g_window_manager	src/message.c
rule_add	src/rule.c	175	-	g_window_manager	g_window_manager	src/message.c
rule_remove_by_index	src/rule.c	181	-	g_window_manager	g_window_manager	src/message.c
rule_remove_by_label	src/rule.c	194	-	g_window_manager	g_window_manager	src/message.c
rule_destroy	src/rule.c	207	-	-	-	src/event_loop.c,src/message.c,src/window_manager.c
scripting_addition_set_path	src/sa.m	78	-	-	-	-
scripting_addition_create_directory	src/sa.m	96	-	-	-	-
scripting_addition_write_file	src/sa.m	110	-	-	-	-
scripting_addition_prepare_binaries	src/sa.m	122	-	-	-	-
scripting_addition_restart_dock	src/sa.m	139	-	-	-	-
scripting_addition_set_socket_path	src/sa.m	145	-	g_sa_socket_file	g_sa_socket_file	-
scripting_addition_is_installed	src/sa.m	162	-	-	-	-
scripting_addition_check	src/sa.m	173	-	-	-	-
scripting_addition_remove	src/sa.m	193	-	-	-	-
scripting_addition_install	src/sa.m	202	-	-	-	-
scripting_addition_request_handshake	src/sa.m	239	-	g_sa_socket_file	g_sa_socket_file	-
scripting_addition_perform_validation	src/sa.m	270	-	-	g_notify_img,g_notify_init,g_sa_socket_file	-
scripting_addition_is_sip_friendly	src/sa.m	301	-	-	-	src/message.c
scripting_addition_is_arm64e_enabled	src/sa.m	318	-	-	-	-
mach_loader_inject_payload	src/sa.m	333	-	-	-	-
scripting_addition_uninstall	src/sa.m	350	-	-	g_notify_img,g_notify_init	src/yabai.c
scripting_addition_load	src/sa.m	369	-	-	g_notify_img,g_notify_init,g_sa_socket_file	src/yabai.c
scripting_addition_send_bytes	src/sa.m	422	-	g_sa_socket_file	g_sa_socket_file	-
scripting_addition_focus_space	src/sa.m	442	-	-	-	src/display_manager.c,src/space_manager.c
scripting_addition_create_space	src/sa.m	449	-	-	-	src/space_manager.c
scripting_addition_destroy_space	src/sa.m	456	-	-	-	src/space_manager.c
scripting_addition_move_space_to_display	src/sa.m	463	-	-	-	src/space_manager.c
scripting_addition_move_space_after_space	src/sa.m	473	-	-	-	src/space_manager.c
scripting_addition_move_window	src/sa.m	484	-	-	-	src/event_loop.c
scripting_addition_set_opacity	src/sa.m	493	-	-	-	src/window_manager.c
scripting_addition_set_layer	src/sa.m	502	-	-	-	src/window_manager.c
scripting_addition_set_sticky	src/sa.m	510	-	-	-	src/window_manager.c
scripting_addition_set_shadow	src/sa.m	518	-	-	-	src/window_manager.c
scripting_addition_focus_window	src/sa.m	526	-	-	-	src/window_manager.c
scripting_addition_scale_window	src/sa.m	533	-	-	-	src/window_manager.c
scripting_addition_swap_window_proxy_in	src/sa.m	544	-	-	-	src/window_manager.c
scripting_addition_swap_window_proxy_out	src/sa.m	560	-	-	-	src/window_manager.c
scripting_addition_order_window	src/sa.m	576	-	-	-	src/message.c,src/mouse_handler.c,src/window_manager.c
scripting_addition_order_window_in	src/sa.m	586	-	g_connection	g_connection	src/window_manager.c
scripting_addition_move_window_list_to_space	src/sa.m	604	-	-	-	src/space_manager.c
scripting_addition_move_window_to_space	src/sa.m	615	-	-	-	src/space_manager.c
space_display_id	src/space.c	3	-	g_connection	g_connection	src/display_manager.c,src/event_loop.c,src/message.c,src/space_manager.c,src/view.c,src/window.c
space_window_list_for_connection	src/space.c	17	-	g_connection,g_window_manager	g_connection,g_temp_storage,g_window_manager	src/window_manager.c
space_window_list	src/space.c	83	-	-	g_connection,g_temp_storage,g_window_manager	src/event_loop.c,src/space_manager.c,src/view.c,src/window_manager.c
space_is_user	src/space.c	88	-	g_connection	g_connection	src/event_loop.c,src/message.c,src/space_manager.c,src/view.c,src/window_manager.c
space_is_fullscreen	src/space.c	93	-	g_connection	g_connection	src/event_loop.c,src/message.c,src/view.c,src/window.c,src/window_manager.c
space_is_system	src/space.c	98	-	g_connection	g_connection	-
space_is_visible	src/space.c	103	-	-	g_connection	src/event_loop.c,src/space_manager.c,src/view.c,src/window.c,src/window_manager.c
hash_view	src/space_manager.c	4	-	-	-	-
compare_view	src/space_manager.c	9	-	-	-	-
space_manager_query_space	src/space_manager.c	14	-	g_space_manager	g_connection,g_display_manager,g_space_manager,g_temp_storage,g_window_manager	src/message.c
space_manager_query_spaces_for_window	src/space_manager.c	26	-	g_space_manager	g_connection,g_display_manager,g_space_manager,g_temp_storage,g_window_manager	src/message.c
space_manager_query_spaces_for_display	src/space_manager.c	47	-	g_space_manager	g_connection,g_display_manager,g_space_manager,g_temp_storage,g_window_manager	src/message.c
space_manager_query_spaces_for_displays	src/space_manager.c	68	-	g_space_manager	g_connection,g_display_manager,g_space_manager,g_temp_storage,g_window_manager	src/message.c
space_manager_query_view	src/space_manager.c	97	space_manager	-	g_connection,g_display_manager,g_space_manager,g_window_manager	-
space_manager_find_view	src/space_manager.c	103	space_manager	-	g_connection,g_display_manager,g_space_manager,g_window_manager	src/event_loop.c,src/message.c,src/window_manager.c
space_manager_refresh_view	src/space_manager.c	113	space_manager	-	g_bs_port,g_connection,g_display_manager,g_space_manager,g_window_manager	src/window_manager.c
space_manager_mark_view_invalid	src/space_manager.c	122	space_manager	-	g_connection,g_display_manager,g_space_manager,g_window_manager	src/window_manager.c
space_manager_untile_window	src/space_manager.c	130	-	-	g_bs_port,g_connection,g_display_manager,g_space_manager,g_window_manager	src/event_loop.c,src/mouse_handler.c,src/window_manager.c
space_manager_get_label_for_space	src/space_manager.c	145	space_manager	-	-	src/view.c
space_manager_get_space_for_label	src/space_manager.c	157	space_manager	-	-	src/message.c
space_manager_remove_label_for_space	src/space_manager.c	169	space_manager	-	-	src/event_loop.c,src/message.c
space_manager_set_label_for_space	src/space_manager.c	183	space_manager	-	-	src/message.c
space_manager_set_layout_for_space	src/space_manager.c	202	space_manager	g_window_manager	g_bs_port,g_connection,g_display_manager,g_layer_normal_window_level,g_space_manager,g_temp_storage,g_window_manager	src/message.c
space_manager_set_gap_for_space	src/space_manager.c	213	space_manager	-	g_bs_port,g_connection,g_display_manager,g_space_manager,g_window_manager	src/message.c
space_manager_toggle_gap_for_space	src/space_manager.c	230	space_manager	-	g_bs_port,g_connection,g_display_manager,g_space_manager,g_window_manager	src/message.c
space_manager_toggle_mission_control	src/space_manager.c	247	-	-	g_connection,g_event_bytes,g_mission_control_mode,g_temp_storage,g_window_manager	src/message.c
space_manager_toggle_show_desktop	src/space_manager.c	253	-	-	g_connection,g_event_bytes,g_mission_control_mode,g_temp_storage,g_window_manager	src/message.c
space_manager_set_layout_for_all_spaces	src/space_manager.c	259	space_manager	g_window_manager	g_bs_port,g_connection,g_display_manager,g_layer_normal_window_level,g_space_manager,g_temp_storage,g_window_manager	src/message.c
space_manager_set_window_gap_for_all_spaces	src/space_manager.c	276	space_manager	-	g_bs_port,g_connection,g_display_manager,g_space_manager,g_window_manager	src/message.c
space_manager_set_top_padding_for_all_spaces	src/space_manager.c	288	space_manager	-	g_bs_port,g_connection,g_display_manager,g_space_manager,g_window_manager	src/message.c
space_manager_set_bottom_padding_for_all_spaces	src/space_manager.c	300	space_manager	-	g_bs_port,g_connection,g_display_manager,g_space_manager,g_window_manager	src/message.c
space_manager_set_left_padding_for_all_spaces	src/space_manager.c	312	space_manager	-	g_bs_port,g_connection,g_display_manager,g_space_manager,g_window_manager	src/message.c
space_manager_set_right_padding_for_all_spaces	src/space_manager.c	324	space_manager	-	g_bs_port,g_connection,g_display_manager,g_space_manager,g_window_manager	src/message.c
space_manager_set_split_type_for_all_spaces	src/space_manager.c	336	space_manager	-	-	src/message.c
space_manager_set_auto_balance_for_all_spaces	src/space_manager.c	346	space_manager	-	-	src/message.c
space_manager_set_padding_for_space	src/space_manager.c	356	space_manager	-	g_bs_port,g_connection,g_display_manager,g_space_manager,g_window_manager	src/message.c
space_manager_toggle_padding_for_space	src/space_manager.c	379	space_manager	-	g_bs_port,g_connection,g_display_manager,g_space_manager,g_window_manager	src/message.c
space_manager_rotate_space	src/space_manager.c	396	space_manager	-	g_bs_port,g_connection,g_display_manager,g_space_manager,g_window_manager	src/message.c
space_manager_mirror_space	src/space_manager.c	408	space_manager	-	g_bs_port,g_connection,g_display_manager,g_space_manager,g_window_manager	src/message.c
space_manager_equalize_space	src/space_manager.c	420	space_manager	-	g_bs_port,g_connection,g_display_manager,g_space_manager,g_window_manager	src/message.c
space_manager_balance_space	src/space_manager.c	432	space_manager	-	g_bs_port,g_connection,g_display_manager,g_space_manager,g_window_manager	src/message.c
space_manager_tile_window_on_space_with_insertion_point	src/space_manager.c	444	space_manager	-	g_bs_port,g_connection,g_display_manager,g_space_manager,g_window_manager	src/event_loop.c,src/window_manager.c
space_manager_tile_window_on_space	src/space_manager.c	462	space_manager	-	g_bs_port,g_connection,g_display_manager,g_space_manager,g_window_manager	src/event_loop.c,src/mouse_handler.c,src/window_manager.c
space_manager_toggle_window_split	src/space_manager.c	467	space_manager	-	g_bs_port,g_connection,g_display_manager,g_space_manager,g_window_manager	src/message.c
space_manager_mission_control_index	src/space_manager.c	491	-	g_connection	g_connection	src/display.c,src/event_signal.c,src/rule.c,src/view.c,src/window.c
space_manager_mission_control_space	src/space_manager.c	521	-	g_connection	g_connection	src/message.c
space_manager_cursor_space	src/space_manager.c	551	-	-	g_connection	src/event_loop.c,src/message.c
space_manager_prev_space	src/space_manager.c	557	-	g_connection	g_connection	src/message.c
space_manager_next_space	src/space_manager.c	586	-	g_connection	g_connection	src/message.c
space_manager_first_space	src/space_manager.c	615	-	g_connection	g_connection	src/message.c
space_manager_last_space	src/space_manager.c	633	-	g_connection	g_connection	src/message.c
space_manager_active_space	src/space_manager.c	653	-	g_window_manager	g_connection,g_window_manager	src/display_manager.c,src/event_loop.c,src/message.c,src/window_manager.c
space_manager_move_window_list_to_space	src/space_manager.c	665	-	g_connection	g_connection	-
space_manager_move_window_to_space	src/space_manager.c	686	-	g_connection	g_connection	src/window_manager.c
space_manager_find_first_user_space_for_display	src/space_manager.c	707	-	-	g_connection	-
space_manager_is_space_last_user_space	src/space_manager.c	724	-	-	g_connection	-
space_manager_swap_space_with_space_on_display	src/space_manager.c	745	-	g_space_manager,g_window_manager	g_bs_port,g_connection,g_display_manager,g_space_manager,g_temp_storage,g_window_manager	-
space_manager_swap_space_with_space	src/space_manager.c	801	-	-	g_bs_port,g_connection,g_display_manager,g_mission_control_mode,g_space_manager,g_temp_storage,g_window_manager	src/message.c
space_manager_move_space_to_space	src/space_manager.c	851	-	-	g_connection,g_mission_control_mode,g_window_manager	src/message.c
space_manager_move_space_to_display	src/space_manager.c	891	space_manager	-	g_connection,g_display_manager,g_event_bytes,g_mission_control_mode,g_space_manager,g_temp_storage,g_window_manager	src/message.c
space_manager_focus_space_using_gesture	src/space_manager.c	927	-	-	g_connection,g_event_bytes,g_temp_storage,g_window_manager	src/event_loop.c
space_manager_focus_space	src/space_manager.c	985	-	-	g_connection,g_event_bytes,g_mission_control_mode,g_temp_storage,g_window_manager	src/message.c,src/window_manager.c
space_manager_switch_space	src/space_manager.c	1011	-	-	g_bs_port,g_connection,g_display_manager,g_event_bytes,g_mission_control_mode,g_space_manager,g_temp_storage,g_window_manager	src/message.c
space_manager_destroy_space	src/space_manager.c	1037	-	g_space_manager,g_window_manager	g_bs_port,g_connection,g_display_manager,g_layer_normal_window_level,g_mission_control_mode,g_space_manager,g_temp_storage,g_window_manager	src/message.c
space_manager_add_space	src/space_manager.c	1062	-	-	g_connection,g_mission_control_mode	src/message.c
space_manager_assign_process_to_space	src/space_manager.c	1074	-	g_connection	g_connection	-
space_manager_assign_process_to_all_spaces	src/space_manager.c	1079	-	g_connection	g_connection	-
space_manager_is_window_on_active_space	src/space_manager.c	1084	-	-	g_connection,g_window_manager	-
space_manager_is_window_on_space	src/space_manager.c	1091	-	-	g_connection	src/event_loop.c
space_manager_mark_spaces_invalid_for_display	src/space_manager.c	1106	space_manager	-	g_bs_port,g_connection,g_display_manager,g_space_manager,g_window_manager	src/event_loop.c
space_manager_mark_spaces_invalid	src/space_manager.c	1122	space_manager	-	g_bs_port,g_connection,g_display_manager,g_space_manager,g_window_manager	src/event_loop.c,src/message.c
space_manager_refresh_application_windows	src/space_manager.c	1133	space_manager	g_window_manager	g_bs_port,g_connection,g_display_manager,g_event_bytes,g_event_loop,g_layer_above_window_level,g_layer_below_window_level,g_layer_normal_window_level,g_mission_control_mode,g_mouse_state,g_process_manager,g_space_manager,g_temp_storage,g_verbose,g_window_manager	src/event_loop.c,src/window_manager.c
space_manager_handle_display_add	src/space_manager.c	1150	space_manager	g_connection	g_connection,g_window_manager	src/event_loop.c
space_manager_begin	src/space_manager.c	1202	space_manager	-	g_connection,g_display_manager,g_space_manager,g_window_manager	src/yabai.c
insert_feedback_show	src/view.c	8	-	g_connection,g_window_manager	g_connection,g_window_manager	src/event_loop.c,src/window_manager.c
insert_feedback_destroy	src/view.c	105	-	g_connection,g_window_manager	g_connection,g_window_manager	src/event_loop.c,src/window_manager.c
area_from_cgrect	src/view.c	121	-	-	-	src/display_manager.c
area_max_point	src/view.c	126	-	-	-	src/display_manager.c
window_node_get_child	src/view.c	131	-	g_space_manager	g_space_manager	-
window_node_get_split	src/view.c	136	-	g_space_manager	g_space_manager	src/window_manager.c
window_node_get_ratio	src/view.c	151	-	g_space_manager	g_space_manager	src/window_manager.c
window_node_get_gap	src/view.c	156	-	-	-	src/window_manager.c
area_make_pair	src/view.c	161	-	-	-	src/window_manager.c
area_make_pair_for_node	src/view.c	186	-	-	g_space_manager	-
window_node_is_occupied	src/view.c	198	-	-	-	-
window_node_is_intermediate	src/view.c	203	-	-	-	src/space_manager.c
window_node_is_leaf	src/view.c	208	-	-	-	src/window_manager.c
window_node_is_left_child	src/view.c	213	-	-	-	src/window.c,src/window_manager.c
window_node_is_right_child	src/view.c	218	-	-	-	-
window_node_equalize	src/view.c	223	-	g_space_manager	g_space_manager	src/space_manager.c
balance_node_add	src/view.c	237	-	-	-	-
window_node_balance	src/view.c	242	-	-	-	src/space_manager.c
window_node_split	src/view.c	277	-	g_space_manager	g_space_manager	-
window_node_update	src/view.c	324	-	-	g_connection,g_space_manager,g_window_manager	src/space_manager.c,src/window_manager.c
window_node_destroy	src/view.c	335	-	g_window_manager	g_connection,g_window_manager	-
window_node_clear_zoom	src/view.c	348	-	-	-	-
window_node_capture_windows	src/view.c	358	-	g_window_manager	g_window_manager	src/mouse_handler.c,src/window_manager.c
window_node_flush	src/view.c	374	-	-	g_bs_port,g_connection,g_window_manager	src/event_loop.c,src/mouse_handler.c,src/space_manager.c,src/window_manager.c
window_node_contains_window	src/view.c	381	-	-	-	src/mouse_handler.c,src/window_manager.c
window_node_index_of_window	src/view.c	390	-	-	-	src/window.c
window_node_swap_window_list	src/view.c	399	-	-	-	src/mouse_handler.c,src/window_manager.c
window_node_find_first_leaf	src/view.c	421	-	-	-	src/window_manager.c
window_node_find_last_leaf	src/view.c	430	-	-	-	src/window_manager.c
window_node_find_prev_leaf	src/view.c	439	-	-	-	src/window_manager.c
window_node_find_next_leaf	src/view.c	454	-	-	-	src/window_manager.c
window_node_rotate	src/view.c	469	-	-	-	src/space_manager.c
window_node_mirror	src/view.c	494	-	-	-	src/space_manager.c
window_node_fence	src/view.c	509	-	-	-	src/window_manager.c
view_find_min_depth_leaf_node	src/view.c	525	-	-	-	-
area_is_in_direction	src/view.c	541	-	-	-	src/display_manager.c
area_distance_in_direction	src/view.c	563	-	-	-	src/display_manager.c
view_find_window_node_in_direction	src/view.c	583	-	-	g_connection,g_temp_storage,g_window_manager	src/window_manager.c
view_find_window_node	src/view.c	612	-	-	-	src/event_loop.c,src/mouse_handler.c,src/space_manager.c,src/window.c,src/window_manager.c
view_remove_window_node	src/view.c	621	-	g_space_manager	g_connection,g_display_manager,g_space_manager,g_window_manager	src/event_loop.c,src/mouse_handler.c,src/space_manager.c,src/window_manager.c
view_stack_window_node	src/view.c	730	-	-	-	src/mouse_handler.c,src/window_manager.c
view_add_window_node_with_insertion_point	src/view.c	751	-	g_space_manager,g_window_manager	g_connection,g_display_manager,g_space_manager,g_window_manager	src/event_loop.c,src/mouse_handler.c,src/space_manager.c,src/window_manager.c
view_add_window_node	src/view.c	814	-	-	g_connection,g_display_manager,g_space_manager,g_window_manager	src/window_manager.c
view_find_window_list	src/view.c	819	-	-	g_temp_storage	src/window_manager.c
view_is_invalid	src/view.c	840	-	-	-	src/event_loop.c
view_is_dirty	src/view.c	845	-	-	-	src/event_loop.c,src/window_manager.c
view_flush	src/view.c	850	-	-	g_bs_port,g_connection,g_window_manager	src/message.c,src/space_manager.c,src/window_manager.c
view_serialize	src/view.c	860	-	g_space_manager	g_connection,g_display_manager,g_space_manager,g_temp_storage,g_window_manager	src/space_manager.c
view_update	src/view.c	968	-	-	g_connection,g_display_manager,g_space_manager,g_window_manager	src/event_loop.c,src/message.c,src/space_manager.c,src/window_manager.c
view_create	src/view.c	986	-	g_connection,g_space_manager	g_connection,g_display_manager,g_space_manager,g_window_manager	src/space_manager.c
view_clear	src/view.c	1017	-	g_window_manager	g_connection,g_display_manager,g_space_manager,g_window_manager	src/message.c,src/space_manager.c
view_destroy	src/view.c	1033	-	-	g_connection,g_window_manager	src/event_loop.c
window_observe	src/window.c	7	-	-	g_verbose	src/window_manager.c
window_unobserve	src/window.c	21	-	-	-	src/event_loop.c,src/window_manager.c
window_display_uuid	src/window.c	31	-	g_connection	g_connection	-
window_display_id	src/window.c	42	-	-	g_connection	src/message.c,src/space_manager.c,src/window_manager.c
window_display_space	src/window.c	56	-	g_connection	g_connection	-
window_space	src/window.c	67	-	g_connection	g_connection	src/event_loop.c,src/process_manager.c,src/space_manager.c,src/window_manager.c
window_space_list	src/window.c	89	-	g_connection	g_connection	src/space_manager.c
window_layer	src/window.c	113	-	g_layer_above_window_level,g_layer_below_window_level,g_layer_normal_window_level	g_layer_above_window_level,g_layer_below_window_level,g_layer_normal_window_level	-
window_nonax_serialize	src/window.c	121	-	g_connection	g_connection,g_display_manager,g_layer_above_window_level,g_layer_below_window_level,g_layer_normal_window_level,g_temp_storage	src/window_manager.c
window_serialize	src/window.c	409	-	g_connection,g_mouse_state,g_window_manager	g_connection,g_display_manager,g_layer_above_window_level,g_layer_below_window_level,g_layer_normal_window_level,g_mouse_state,g_temp_storage,g_window_manager	src/message.c,src/window_manager.c
window_property_title_ts	src/window.c	713	-	g_connection	g_connection,g_temp_storage	-
window_title_ts	src/window.c	724	-	-	g_temp_storage	src/event_signal.c,src/rule.c,src/window_manager.c
window_title	src/window.c	729	-	-	-	src/event_loop.c
window_ax_origin	src/window.c	736	-	-	-	src/event_loop.c
window_ax_frame	src/window.c	751	-	-	-	src/event_loop.c,src/window_manager.c
window_ax_can_move	src/window.c	773	-	-	-	src/event_loop.c
window_can_move	src/window.c	782	-	-	-	src/window_manager.c
window_ax_can_resize	src/window.c	787	-	-	-	src/event_loop.c
window_can_resize	src/window.c	796	-	-	-	src/window_manager.c
window_can_minimize	src/window.c	801	-	-	-	src/window_manager.c
window_is_undersized	src/window.c	810	-	-	-	src/window_manager.c
window_is_minimized	src/window.c	817	-	-	-	-
window_is_fullscreen	src/window.c	830	-	-	-	src/event_loop.c,src/window_manager.c
window_is_sticky	src/window.c	843	-	g_connection	g_connection	src/window_manager.c
window_shadow	src/window.c	859	-	-	g_connection	-
window_opacity	src/window.c	865	-	g_connection	g_connection	-
window_parent	src/window.c	872	-	g_connection	g_connection	-
window_level	src/window.c	899	-	g_connection	g_connection	src/event_loop.c,src/view.c,src/window_manager.c
SLSGetWindowSubLevel__Internal	src/window.c	930	-	-	-	-
window_sub_level	src/window.c	954	-	g_connection	g_connection	src/event_loop.c,src/view.c,src/window_manager.c
window_tags	src/window.c	963	-	g_connection	g_connection	-
window_ax_role	src/window.c	989	-	-	-	src/event_loop.c
window_role	src/window.c	996	-	-	-	src/event_loop.c
window_role_ts	src/window.c	1001	-	-	g_temp_storage	src/rule.c,src/window_manager.c
window_ax_subrole	src/window.c	1010	-	-	-	src/event_loop.c
window_subrole	src/window.c	1017	-	-	-	-
window_subrole_ts	src/window.c	1022	-	-	g_temp_storage	src/rule.c,src/window_manager.c
window_is_root	src/window.c	1031	-	-	-	-
window_is_real	src/window.c	1044	-	-	-	src/window_manager.c
window_is_standard	src/window.c	1062	-	-	-	src/window_manager.c
window_level_is_standard	src/window.c	1078	-	g_layer_normal_window_level	g_connection,g_layer_normal_window_level	src/window_manager.c
window_is_unknown	src/window.c	1084	-	-	-	src/window_manager.c
window_create	src/window.c	1093	-	-	g_connection	src/window_manager.c
window_destroy	src/window.c	1136	-	-	-	src/event_loop.c,src/window_manager.c
hash_wm	src/window_manager.c	9	-	-	-	-
compare_wm	src/window_manager.c	14	-	-	-	-
window_manager_is_window_eligible	src/window_manager.c	19	-	-	-	src/event_loop.c,src/rule.c
window_manager_query_window_rules	src/window_manager.c	25	-	g_window_manager	g_connection,g_display_manager,g_temp_storage,g_window_manager	src/message.c
window_manager_query_windows_for_spaces	src/window_manager.c	38	-	g_window_manager	g_connection,g_display_manager,g_layer_above_window_level,g_layer_below_window_level,g_layer_normal_window_level,g_mouse_state,g_temp_storage,g_window_manager	src/message.c
window_manager_query_windows_for_display	src/window_manager.c	54	-	-	g_connection,g_display_manager,g_layer_above_window_level,g_layer_below_window_level,g_layer_normal_window_level,g_mouse_state,g_temp_storage,g_window_manager	src/message.c
window_manager_query_windows_for_displays	src/window_manager.c	63	-	-	g_connection,g_display_manager,g_layer_above_window_level,g_layer_below_window_level,g_layer_normal_window_level,g_mouse_state,g_temp_storage,g_window_manager	src/message.c
window_manager_rule_matches_window	src/window_manager.c	91	-	-	-	src/rule.c
window_manager_apply_manage_rule_effects_to_window	src/window_manager.c	108	space_manager,window_manager	-	g_bs_port,g_connection,g_display_manager,g_layer_normal_window_level,g_space_manager,g_window_manager	src/rule.c
window_manager_apply_rule_effects_to_window	src/window_manager.c	119	space_manager,window_manager	-	g_bs_port,g_connection,g_display_manager,g_event_bytes,g_layer_normal_window_level,g_mission_control_mode,g_process_manager,g_space_manager,g_temp_storage,g_window_manager	src/rule.c
window_manager_apply_manage_rules_to_window	src/window_manager.c	171	space_manager,window_manager	-	g_bs_port,g_connection,g_display_manager,g_layer_normal_window_level,g_space_manager,g_window_manager	src/rule.c
window_manager_apply_rules_to_window	src/window_manager.c	195	space_manager,window_manager	-	g_bs_port,g_connection,g_display_manager,g_event_bytes,g_layer_normal_window_level,g_mission_control_mode,g_process_manager,g_space_manager,g_temp_storage,g_window_manager	src/rule.c
window_manager_set_focus_follows_mouse	src/window_manager.c	219	window_manager	g_mouse_state	g_mouse_state	src/message.c
window_manager_set_window_opacity_enabled	src/window_manager.c	232	window_manager	-	-	src/message.c
window_manager_center_mouse	src/window_manager.c	242	window_manager	g_connection	g_connection	src/display_manager.c,src/event_loop.c
window_manager_should_manage_window	src/window_manager.c	272	-	-	g_connection,g_layer_normal_window_level	src/event_loop.c
window_manager_find_managed_window	src/window_manager.c	283	window_manager	-	-	src/event_loop.c,src/window.c
window_manager_remove_managed_window	src/window_manager.c	288	window_manager	-	-	src/event_loop.c,src/mouse_handler.c,src/view.c
window_manager_add_managed_window	src/window_manager.c	293	window_manager	-	-	src/event_loop.c,src/mouse_handler.c
window_manager_adjust_window_ratio	src/window_manager.c	300	window_manager	-	g_bs_port,g_connection,g_space_manager,g_window_manager	src/message.c
window_manager_move_window_relative	src/window_manager.c	330	window_manager	-	g_bs_port,g_connection,g_window_manager	src/message.c
window_manager_resize_window_relative_internal	src/window_manager.c	346	-	-	g_bs_port,g_connection,g_window_manager	src/event_loop.c
window_manager_resize_window_relative	src/window_manager.c	368	window_manager	-	g_bs_port,g_connection,g_display_manager,g_space_manager,g_window_manager	src/message.c,src/mouse_handler.c
window_manager_move_window	src/window_manager.c	415	-	-	-	src/event_loop.c
window_manager_resize_window	src/window_manager.c	425	-	-	-	-
window_manager_notify_jankyborders	src/window_manager.c	437	-	g_bs_port	g_bs_port	-
window_manager_create_window_proxy	src/window_manager.c	463	-	-	-	-
window_manager_destroy_window_proxy	src/window_manager.c	489	-	-	-	-
window_manager_build_window_proxy_thread_proc	src/window_manager.c	507	-	-	g_connection	-
window_manager_animate_window_list_thread_proc	src/window_manager.c	537	-	g_cv_host_clock_frequency,g_window_manager	g_bs_port,g_cv_host_clock_frequency,g_window_manager	-
window_manager_animate_window_list_async	src/window_manager.c	603	-	g_window_manager	g_bs_port,g_connection,g_window_manager	-
window_manager_animate_window_list	src/window_manager.c	705	-	g_window_manager	g_bs_port,g_connection,g_window_manager	src/mouse_handler.c,src/view.c
window_manager_animate_window	src/window_manager.c	718	-	g_window_manager	g_bs_port,g_connection,g_window_manager	src/mouse_handler.c
window_manager_set_window_frame	src/window_manager.c	729	-	-	-	-
window_manager_set_purify_mode	src/window_manager.c	764	window_manager	-	-	src/message.c
window_manager_set_opacity	src/window_manager.c	774	window_manager	-	-	src/message.c
window_manager_set_window_opacity	src/window_manager.c	787	window_manager	-	-	src/event_loop.c
window_manager_set_menubar_opacity	src/window_manager.c	796	window_manager	g_connection	g_connection	src/message.c
window_manager_set_active_window_opacity	src/window_manager.c	802	window_manager	-	-	src/message.c
window_manager_set_normal_window_opacity	src/window_manager.c	809	window_manager	-	-	src/message.c
window_manager_adjust_layer	src/window_manager.c	820	-	-	-	src/event_loop.c,src/mouse_handler.c,src/space_manager.c
window_manager_set_window_layer	src/window_manager.c	827	-	g_connection,g_window_manager	g_connection,g_window_manager	src/message.c
window_manager_purify_window	src/window_manager.c	877	window_manager	-	-	src/event_loop.c,src/mouse_handler.c
window_manager_find_rank_of_window_in_list	src/window_manager.c	898	-	-	-	src/view.c
window_manager_find_window_on_space_by_rank_filtering_window	src/window_manager.c	911	window_manager	-	g_connection,g_temp_storage,g_window_manager	src/display_manager.c
window_manager_window_connection_is_jankyborders	src/window_manager.c	933	-	-	-	-
window_manager_find_window_at_point_filtering_window	src/window_manager.c	944	window_manager	g_connection	g_connection	src/event_loop.c
window_manager_find_window_at_point	src/window_manager.c	961	window_manager	g_connection	g_connection	src/event_loop.c
window_manager_find_window_below_cursor	src/window_manager.c	978	window_manager	g_connection	g_connection	src/message.c
window_manager_find_closest_managed_window_in_direction	src/window_manager.c	985	window_manager	-	g_connection,g_temp_storage,g_window_manager	src/message.c
window_manager_find_prev_managed_window	src/window_manager.c	999	space_manager,window_manager	-	g_connection,g_display_manager,g_space_manager,g_window_manager	src/message.c
window_manager_find_next_managed_window	src/window_manager.c	1013	space_manager,window_manager	-	g_connection,g_display_manager,g_space_manager,g_window_manager	src/message.c
window_manager_find_first_managed_window	src/window_manager.c	1027	space_manager,window_manager	-	g_connection,g_display_manager,g_space_manager,g_window_manager	src/message.c
window_manager_find_last_managed_window	src/window_manager.c	1038	space_manager,window_manager	-	g_connection,g_display_manager,g_space_manager,g_window_manager	src/message.c
window_manager_find_recent_managed_window	src/window_manager.c	1049	window_manager	-	-	src/message.c
window_manager_find_prev_window_in_stack	src/window_manager.c	1060	space_manager,window_manager	-	g_connection,g_display_manager,g_space_manager,g_window_manager	src/message.c
window_manager_find_next_window_in_stack	src/window_manager.c	1077	space_manager,window_manager	-	g_connection,g_display_manager,g_space_manager,g_window_manager	src/message.c
window_manager_find_first_window_in_stack	src/window_manager.c	1094	space_manager,window_manager	-	g_connection,g_display_manager,g_space_manager,g_window_manager	src/message.c
window_manager_find_last_window_in_stack	src/window_manager.c	1105	space_manager,window_manager	-	g_connection,g_display_manager,g_space_manager,g_window_manager	src/message.c
window_manager_find_recent_window_in_stack	src/window_manager.c	1116	space_manager,window_manager	-	g_connection,g_display_manager,g_space_manager,g_window_manager	src/message.c
window_manager_find_window_in_stack	src/window_manager.c	1127	space_manager,window_manager	-	g_connection,g_display_manager,g_space_manager,g_window_manager	src/message.c
window_manager_find_largest_managed_window	src/window_manager.c	1138	space_manager,window_manager	-	g_connection,g_display_manager,g_space_manager,g_window_manager	src/message.c
window_manager_find_smallest_managed_window	src/window_manager.c	1157	space_manager,window_manager	-	g_connection,g_display_manager,g_space_manager,g_window_manager	src/message.c
window_manager_find_sibling_for_managed_window	src/window_manager.c	1176	window_manager	-	-	src/message.c
window_manager_find_first_nephew_for_managed_window	src/window_manager.c	1190	window_manager	-	-	src/message.c
window_manager_find_second_nephew_for_managed_window	src/window_manager.c	1204	window_manager	-	-	src/message.c
window_manager_find_uncle_for_managed_window	src/window_manager.c	1218	window_manager	-	-	src/message.c
window_manager_find_first_cousin_for_managed_window	src/window_manager.c	1235	window_manager	-	-	src/message.c
window_manager_find_second_cousin_for_managed_window	src/window_manager.c	1252	window_manager	-	-	src/message.c
window_manager_make_key_window	src/window_manager.c	1269	-	g_event_bytes	g_event_bytes	-
window_manager_focus_window_without_raise	src/window_manager.c	1293	-	g_event_bytes,g_window_manager	g_event_bytes,g_window_manager	src/event_loop.c
window_manager_focus_window_with_raise	src/window_manager.c	1324	-	-	g_event_bytes	src/display_manager.c,src/event_loop.c,src/message.c
window_manager_focused_application	src/window_manager.c	1339	window_manager	-	-	-
window_manager_focused_window	src/window_manager.c	1352	window_manager	-	-	src/event_loop.c,src/message.c,src/space_manager.c
window_manager_find_lost_front_switched_event	src/window_manager.c	1364	window_manager	-	-	src/event_loop.c
window_manager_remove_lost_front_switched_event	src/window_manager.c	1369	window_manager	-	-	src/event_loop.c
window_manager_add_lost_front_switched_event	src/window_manager.c	1374	window_manager	-	-	src/event_loop.c
window_manager_find_lost_focused_event	src/window_manager.c	1379	window_manager	-	-	src/event_loop.c
window_manager_remove_lost_focused_event	src/window_manager.c	1384	window_manager	-	-	src/event_loop.c
window_manager_add_lost_focused_event	src/window_manager.c	1389	window_manager	-	-	src/event_loop.c
window_manager_find_window	src/window_manager.c	1394	window_manager	-	-	src/event_loop.c,src/message.c,src/mouse_handler.c,src/space.c,src/view.c
window_manager_remove_window	src/window_manager.c	1399	window_manager	-	-	src/event_loop.c
window_manager_add_window	src/window_manager.c	1404	window_manager	-	-	-
window_manager_find_application	src/window_manager.c	1409	window_manager	-	-	src/event_loop.c
window_manager_remove_application	src/window_manager.c	1414	window_manager	-	-	src/event_loop.c
window_manager_add_application	src/window_manager.c	1419	window_manager	-	-	src/event_loop.c
window_manager_find_application_windows	src/window_manager.c	1424	window_manager	-	-	src/event_loop.c
window_manager_create_and_add_window	src/window_manager.c	1438	space_manager,window_manager	g_event_loop,g_verbose	g_bs_port,g_connection,g_display_manager,g_event_bytes,g_event_loop,g_layer_above_window_level,g_layer_below_window_level,g_layer_normal_window_level,g_mission_control_mode,g_mouse_state,g_process_manager,g_space_manager,g_temp_storage,g_verbose,g_window_manager	src/event_loop.c
window_manager_add_application_windows	src/window_manager.c	1546	space_manager,window_manager	-	g_bs_port,g_connection,g_display_manager,g_event_bytes,g_event_loop,g_layer_above_window_level,g_layer_below_window_level,g_layer_normal_window_level,g_mission_control_mode,g_mouse_state,g_process_manager,g_space_manager,g_temp_storage,g_verbose,g_window_manager	src/event_loop.c
window_manager_existing_application_window_list	src/window_manager.c	1580	-	-	g_connection,g_temp_storage,g_window_manager	-
window_manager_add_existing_application_windows	src/window_manager.c	1607	space_manager,window_manager	-	g_bs_port,g_connection,g_display_manager,g_event_bytes,g_event_loop,g_layer_above_window_level,g_layer_below_window_level,g_layer_normal_window_level,g_mission_control_mode,g_mouse_state,g_process_manager,g_space_manager,g_temp_storage,g_verbose,g_window_manager	src/event_loop.c,src/space_manager.c
window_manager_set_window_insertion	src/window_manager.c	1748	space_manager	-	g_connection,g_display_manager,g_space_manager,g_window_manager	src/message.c
window_manager_stack_window	src/window_manager.c	1799	space_manager,window_manager	-	g_bs_port,g_connection,g_display_manager,g_layer_normal_window_level,g_space_manager,g_window_manager	src/message.c
window_manager_warp_window	src/window_manager.c	1832	space_manager,window_manager	g_process_manager	g_bs_port,g_connection,g_display_manager,g_event_bytes,g_process_manager,g_space_manager,g_temp_storage,g_window_manager	src/message.c
window_manager_swap_window	src/window_manager.c	1950	space_manager,window_manager	-	g_bs_port,g_connection,g_display_manager,g_event_bytes,g_space_manager,g_window_manager	src/message.c
window_manager_minimize_window	src/window_manager.c	2057	-	-	-	src/message.c
window_manager_deminimize_window	src/window_manager.c	2068	-	-	-	src/message.c
window_manager_close_window	src/window_manager.c	2078	-	-	-	src/message.c
window_manager_send_window_to_space	src/window_manager.c	2092	space_manager,window_manager	g_connection,g_process_manager	g_bs_port,g_connection,g_display_manager,g_event_bytes,g_layer_normal_window_level,g_process_manager,g_space_manager,g_temp_storage,g_window_manager	src/message.c
window_manager_apply_grid	src/window_manager.c	2124	space_manager,window_manager	-	g_bs_port,g_connection,g_display_manager,g_space_manager,g_window_manager	src/message.c
window_manager_make_window_floating	src/window_manager.c	2181	space_manager,window_manager	-	g_bs_port,g_connection,g_display_manager,g_layer_normal_window_level,g_space_manager,g_window_manager	src/message.c
window_manager_make_window_sticky	src/window_manager.c	2215	space_manager,window_manager	-	g_bs_port,g_connection,g_display_manager,g_layer_normal_window_level,g_space_manager,g_window_manager	src/message.c
window_manager_toggle_window_shadow	src/window_manager.c	2245	-	-	-	src/message.c
window_manager_wait_for_native_fullscreen_transition	src/window_manager.c	2259	-	-	g_connection,g_window_manager	src/event_loop.c
window_manager_toggle_window_native_fullscreen	src/window_manager.c	2296	-	-	g_connection,g_event_bytes,g_window_manager	src/message.c
window_manager_toggle_window_zoom_parent	src/window_manager.c	2326	window_manager	-	g_bs_port,g_connection,g_window_manager	src/message.c
window_manager_toggle_window_zoom_fullscreen	src/window_manager.c	2355	window_manager	-	g_bs_port,g_connection,g_window_manager	src/message.c
window_manager_toggle_window_windowed_fullscreen	src/window_manager.c	2384	-	-	g_bs_port,g_connection,g_display_manager,g_window_manager	src/message.c
window_manager_toggle_window_expose	src/window_manager.c	2402	-	-	g_event_bytes	src/message.c
window_manager_toggle_window_pip	src/window_manager.c	2410	space_manager	-	g_connection,g_display_manager,g_space_manager,g_window_manager	src/message.c
window_manager_find_scratchpad_window	src/window_manager.c	2431	window_manager	-	-	-
window_manager_toggle_scratchpad_window_by_label	src/window_manager.c	2442	window_manager	-	g_connection,g_event_bytes,g_process_manager,g_temp_storage,g_window_manager	src/message.c
window_manager_toggle_scratchpad_window	src/window_manager.c	2448	window_manager	g_connection,g_process_manager	g_connection,g_event_bytes,g_process_manager,g_temp_storage,g_window_manager	-
window_manager_set_scratchpad_for_window	src/window_manager.c	2492	window_manager	g_space_manager	g_bs_port,g_connection,g_display_manager,g_event_bytes,g_layer_normal_window_level,g_process_manager,g_space_manager,g_temp_storage,g_window_manager	src/message.c
window_manager_remove_scratchpad_for_window	src/window_manager.c	2508	window_manager	g_space_manager	g_bs_port,g_connection,g_display_manager,g_event_bytes,g_layer_normal_window_level,g_process_manager,g_space_manager,g_temp_storage,g_window_manager	src/event_loop.c,src/message.c
window_manager_scratchpad_recover_windows	src/window_manager.c	2529	-	g_space_manager	g_bs_port,g_connection,g_display_manager,g_event_bytes,g_event_loop,g_layer_above_window_level,g_layer_below_window_level,g_layer_normal_window_level,g_mission_control_mode,g_mouse_state,g_process_manager,g_space_manager,g_temp_storage,g_verbose,g_window_manager	src/message.c
window_manager_validate_windows_on_space	src/window_manager.c	2540	window_manager	-	g_connection,g_display_manager,g_space_manager,g_temp_storage,g_window_manager	-
window_manager_check_for_windows_on_space	src/window_manager.c	2579	window_manager	-	g_connection,g_display_manager,g_layer_normal_window_level,g_space_manager,g_window_manager	-
window_manager_validate_and_check_for_windows_on_space	src/window_manager.c	2625	space_manager,window_manager	-	g_bs_port,g_connection,g_display_manager,g_layer_normal_window_level,g_space_manager,g_temp_storage,g_window_manager	src/event_loop.c,src/message.c,src/space_manager.c
window_manager_correct_for_mission_control_changes	src/window_manager.c	2650	space_manager,window_manager	-	g_bs_port,g_connection,g_display_manager,g_layer_normal_window_level,g_space_manager,g_temp_storage,g_window_manager	src/event_loop.c
window_manager_handle_display_add_and_remove	src/window_manager.c	2679	space_manager,window_manager	-	g_bs_port,g_connection,g_display_manager,g_layer_normal_window_level,g_space_manager,g_temp_storage,g_window_manager	src/event_loop.c
window_manager_init	src/window_manager.c	2709	window_manager	-	-	src/yabai.c
window_manager_begin	src/window_manager.c	2737	space_manager,window_manager	g_process_manager,g_workspace_context	g_bs_port,g_connection,g_display_manager,g_event_bytes,g_event_loop,g_layer_above_window_level,g_layer_below_window_level,g_layer_normal_window_level,g_mission_control_mode,g_mouse_state,g_process_manager,g_space_manager,g_temp_storage,g_verbose,g_window_manager,g_workspace_context	src/yabai.c
workspace_event_handler_begin	src/workspace.m	1	-	-	-	src/yabai.c
workspace_use_macos_space_workaround	src/workspace.m	17	-	-	-	src/space_manager.c
workspace_application_create_running_ns_application	src/workspace.m	28	-	-	-	src/event_loop.c,src/process_manager.c
workspace_application_destroy_running_ns_application	src/workspace.m	33	-	-	-	src/process_manager.c
workspace_application_observe_finished_launching	src/workspace.m	69	-	-	g_verbose	src/event_loop.c
workspace_application_observe_activation_policy	src/workspace.m	79	-	-	g_verbose	src/event_loop.c,src/window_manager.c
workspace_application_unobserve	src/workspace.m	89	-	-	-	src/process_manager.c
workspace_application_is_observable	src/workspace.m	103	-	-	-	src/event_loop.c,src/window_manager.c
workspace_application_is_finished_launching	src/workspace.m	115	-	-	-	src/event_loop.c
workspace_display_notch_height	src/workspace.m	125	-	-	-	src/display.c
workspace_get_dock_pid	src/workspace.m	140	-	-	-	src/mission_control.c
objc_method_dealloc	src/workspace.m	201	-	-	-	-
objc_method_observeValueForKeyPath_ofObject_change_context	src/workspace.m	209	-	g_event_loop	g_event_loop,g_verbose	-
objc_method_didWake	src/workspace.m	261	-	g_event_loop	g_event_loop	-
objc_method_didChangeMenuBarHiding	src/workspace.m	266	-	g_event_loop	g_event_loop	-
objc_method_didRestartDock	src/workspace.m	271	-	g_event_loop	g_event_loop	-
objc_method_didChangeDockPref	src/workspace.m	276	-	g_event_loop	g_event_loop	-
objc_method_activeDisplayDidChange	src/workspace.m	281	-	g_event_loop	g_event_loop	-
objc_method_activeSpaceDidChange	src/workspace.m	286	-	g_event_loop	g_event_loop	-
objc_method_didHideApplication	src/workspace.m	291	-	g_event_loop	g_event_loop	-
objc_method_didUnhideApplication	src/workspace.m	297	-	g_event_loop	g_event_loop	-
client_send_message	src/yabai.c	54	-	-	-	-
configure_settings_and_acquire_lock	src/yabai.c	128	-	g_bs_port,g_connection,g_cv_host_clock_frequency,g_event_bytes,g_layer_above_window_level,g_layer_below_window_level,g_layer_normal_window_level,g_lock_file,g_mouse_state,g_pid,g_sa_socket_file,g_socket_file	g_bs_port,g_connection,g_cv_host_clock_frequency,g_event_bytes,g_layer_above_window_level,g_layer_below_window_level,g_layer_normal_window_level,g_lock_file,g_mouse_state,g_nsautoreleasepool_drain,g_nsautoreleasepool_release,g_nsobject_autorelease,g_pid,g_sa_socket_file,g_socket_file	-
parse_arguments	src/yabai.c	181	-	g_config_file,g_verbose	g_config_file,g_notify_img,g_notify_init,g_sa_socket_file,g_verbose	-
main	src/yabai.c	261	-	g_config_file,g_connection,g_display_manager,g_event_loop,g_mouse_state,g_process_manager,g_signal_storage,g_socket_file,g_space_manager,g_window_manager,g_workspace_context	g_bs_port,g_config_file,g_connection,g_cv_host_clock_frequency,g_display_manager,g_event_bytes,g_event_loop,g_layer_above_window_level,g_layer_below_window_level,g_layer_normal_window_level,g_lock_file,g_message_loop,g_mission_control_mode,g_mission_control_observer,g_mouse_state,g_notify_img,g_notify_init,g_nsautoreleasepool_drain,g_nsautoreleasepool_release,g_nsobject_autorelease,g_pid,g_process_manager,g_sa_socket_file,g_signal_storage,g_socket_file,g_space_manager,g_temp_storage,g_verbose,g_window_manager,g_workspace_context	-
